"listed_in","type","Count"
"Dramas, International Movies","Movie","362"
"Documentaries","Movie","359"
"Stand-Up Comedy","Movie","334"
"Comedies, Dramas, International Movies","Movie","274"
"Dramas, Independent Movies, International Movies","Movie","252"
"Children & Family Movies","Movie","215"
"Children & Family Movies, Comedies","Movie","201"
"Documentaries, International Movies","Movie","186"
"Dramas, International Movies, Romantic Movies","Movie","180"
"Comedies, International Movies","Movie","176"
